subject_id,sleep_date,lifelog_date,Q1,Q2,Q3,S1,S2,S3,S4
id01,2024-06-27,2024-06-26,0.5027748927072654,0.4758006620484791,0.7440365049045156,0.6664251107055837,0.6174540431789223,0.8106507936507936,0.5672045845924971
id01,2024-06-28,2024-06-27,0.5000578072533872,0.4351937075176012,0.5628778669686365,0.6181726853317572,0.6377624620777632,0.7654577334809893,0.5481389888556955
id01,2024-06-29,2024-06-28,0.38396964338336237,0.4157997395335597,0.4809325794610449,0.5806535568179538,0.6327525534044158,0.7654577334809893,0.5468262594094281
id01,2024-06-30,2024-06-29,0.31097533094746577,0.40381095532106875,0.35075259542160947,0.5695537964263098,0.5555878020942707,0.8106507936507936,0.5507729623223563
id01,2024-07-01,2024-06-30,0.3761257866332174,0.3748109084784537,0.3391574347041296,0.6633914147864367,0.6339215886765937,0.7682621082621082,0.5224906333481178
id01,2024-07-02,2024-07-01,0.4571507001014332,0.3489125335016347,0.4980249460131866,0.7233000787283055,0.6183052082061417,0.7542222222222221,0.5371935310874006
id01,2024-07-03,2024-07-02,0.43509896825005945,0.6282549980421108,0.6288675882473886,0.6534136716471651,0.6166101197624793,0.8549470899470899,0.4891242142451705
id01,2024-07-04,2024-07-03,0.4009223354473138,0.6490844707625355,0.6976206819532895,0.6519148694260521,0.6182243831032406,0.7542222222222221,0.5924335589132155
id01,2024-07-05,2024-07-04,0.4962811554127903,0.5252800975240633,0.5891979924691106,0.6266024042436673,0.6079075868594933,0.7542222222222221,0.48605532227801196
id01,2024-07-06,2024-07-05,0.4678235618129375,0.5897140471523571,0.5909871859999254,0.612628486729061,0.5481124457973217,0.7682621082621082,0.42619406560670425
id01,2024-07-07,2024-07-06,0.49995259669298714,0.5401246494972678,0.625824553091454,0.4987332280454173,0.6340940723840902,0.8106507936507936,0.5642819905022455
id01,2024-07-08,2024-07-07,0.5366962977673706,0.5740669391666696,0.5966209181251785,0.6658619279797233,0.6187143909686691,0.8549470899470899,0.5353592378431136
id01,2024-07-09,2024-07-08,0.37800795458544545,0.5640393318017152,0.7349764002594452,0.6680229457787824,0.6186160466294133,0.7542222222222221,0.43798610954047734
id01,2024-07-10,2024-07-09,0.49598490223159153,0.5149121923190378,0.5433682205421483,0.6708617147252351,0.5607221147602538,0.8549470899470899,0.5513029491147869
id01,2024-07-11,2024-07-10,0.5405838734393879,0.6193324583981902,0.6010815720174413,0.7003169395314233,0.5544251952343859,0.8549470899470899,0.5508519631173687
id01,2024-07-13,2024-07-12,0.46557412423777983,0.6284676797089874,0.6555016809215479,0.695096317396108,0.5541155605948044,0.8106507936507936,0.5085584734121891
id01,2024-07-14,2024-07-13,0.436026272992869,0.5100954370395476,0.3948309274253149,0.6536498055037512,0.6154824788598316,0.7682621082621082,0.43193374813565943
id01,2024-07-15,2024-07-14,0.46389426828030944,0.5631274003911784,0.58310444664434,0.6996839646002817,0.6405911981969672,0.7542222222222221,0.5115086156429693
id01,2024-07-16,2024-07-15,0.5014885264015555,0.596359493985916,0.5900769549948695,0.683652902772285,0.5573237549312756,0.8106507936507936,0.5210846033912394
id01,2024-07-17,2024-07-16,0.47691741734100146,0.5740976946431313,0.6627656111062199,0.6803332457443247,0.5530836173089728,0.7542222222222221,0.5777657793124763
id01,2024-07-18,2024-07-17,0.47519615587699215,0.7768325403556984,0.6380308294723915,0.7273993884181396,0.5510394783016681,0.7542222222222221,0.565550169581459
id01,2024-07-20,2024-07-19,0.42158115602627727,0.5700194994174278,0.581870752450854,0.6487898490484822,0.5496658366841063,0.8106507936507936,0.5110163775018394
id01,2024-07-22,2024-07-21,0.44595597986819924,0.5241384477995473,0.5207722793731153,0.6311613950109297,0.6159859180898991,0.7682621082621082,0.5159990382602466
id01,2024-07-23,2024-07-22,0.4635586765908011,0.5682719352935083,0.5585623959179055,0.6775903464081444,0.5477715831152292,0.8106507936507936,0.44495468688631057
id01,2024-07-24,2024-07-23,0.49153302113874153,0.6545579314627551,0.6753448993284895,0.7201525688008038,0.6450534428748048,0.7542222222222221,0.5341523596546827
id01,2024-07-27,2024-07-26,0.5086400111044495,0.6882953831500718,0.6453922115658617,0.6058101058275127,0.6172577952015165,0.7654577334809893,0.478921742394369
id01,2024-07-28,2024-07-27,0.3316300818495579,0.5439740721897482,0.6946750075943579,0.663625836894754,0.6420772312969041,0.7682621082621082,0.5090296386622619
id01,2024-07-29,2024-07-28,0.4271857967013654,0.5597823021738636,0.5463452253876617,0.6501272193738401,0.5522487036151154,0.7682621082621082,0.4648076398940303
id01,2024-08-18,2024-08-17,0.5049339007132309,0.5208011580138371,0.6191723979969426,0.6906025240391187,0.5596230944771111,0.8106507936507936,0.6027379529021112
id01,2024-08-19,2024-08-18,0.430574239015587,0.6937306827246885,0.6652206409086145,0.664684459014019,0.6163922795867249,0.7654577334809893,0.5354082128827644
id01,2024-08-20,2024-08-19,0.3645734404050161,0.5445170829321883,0.6501164659495637,0.46799076633995496,0.5480541773437485,0.7542222222222221,0.45951743791925315
id01,2024-08-21,2024-08-20,0.416446526649504,0.45209503421235825,0.5069738123643271,0.5811100970409653,0.6435619716900873,0.8549470899470899,0.5496944575068243
id01,2024-08-22,2024-08-21,0.4732415665204949,0.41157105778281133,0.5840102770168693,0.6384432484508202,0.5488461128941927,0.7654577334809893,0.5250732046775854
id01,2024-08-24,2024-08-23,0.3635429283881039,0.49738033907306417,0.54098743264552,0.5683074569489956,0.5605649873090586,0.7682621082621082,0.4721943454703288
id01,2024-08-25,2024-08-24,0.5383613743066715,0.618719135088772,0.6465823695158501,0.6528567238873184,0.5476805853407242,0.7654577334809893,0.564344098011675
id01,2024-08-26,2024-08-25,0.477693556833815,0.4935102030880072,0.653917773723046,0.5784485038378406,0.6388525531220668,0.7682621082621082,0.5884392859203983
id01,2024-08-27,2024-08-26,0.5653962941007216,0.54906478562835,0.5268442917371992,0.6760480884679229,0.642451931942587,0.8106507936507936,0.47108602898197416
id01,2024-08-28,2024-08-27,0.4175109879472315,0.40095889211497854,0.5940416050737392,0.6568044321435936,0.5566950251887104,0.8549470899470899,0.5453889881201823
id01,2024-08-29,2024-08-28,0.5958134378376803,0.4834148681231786,0.6008287996963108,0.6812765037848472,0.6176124344159074,0.7682621082621082,0.5943369080669131
id01,2024-08-30,2024-08-29,0.5286899482972293,0.6039931738713964,0.6496385647123003,0.6635929482407992,0.6201724902048706,0.8549470899470899,0.5149385769809844
id01,2024-09-01,2024-08-31,0.5242714981888138,0.6644148148329101,0.5619204132511944,0.6928671586801334,0.5559255670473828,0.7682621082621082,0.5834501821618387
id02,2024-07-18,2024-07-17,0.5056903224349932,0.45611758580806344,0.6236648421726073,0.8243033182164982,0.8921200473482154,0.8302248677248678,0.7048499444688838
id02,2024-07-19,2024-07-18,0.47370750191205135,0.5333216764521302,0.5478542435676574,0.7379717081720181,0.8907361468284399,0.7998989898989899,0.6134931424869504
id02,2024-07-21,2024-07-20,0.4113215047756624,0.5625218312913631,0.43530723759139606,0.786568786670126,0.8878960354903129,0.7845815295815296,0.7107495247498041
id02,2024-07-22,2024-07-21,0.5229125877976234,0.546977461527211,0.5648646898479588,0.7489469508268936,0.8749283913574597,0.7998989898989899,0.6803113742389273
id02,2024-07-23,2024-07-22,0.46871784425906976,0.5406247203131314,0.5564613964166563,0.829549791514353,0.8483720485203395,0.7998989898989899,0.6269910635602962
id02,2024-07-24,2024-07-23,0.47756038080682783,0.5298394937588875,0.3607968907786375,0.8418994658660739,0.8807773333711965,0.7998989898989899,0.7545265188976265
id02,2024-07-26,2024-07-25,0.43716520162873795,0.5787587350185437,0.6050045182140535,0.7346958116747503,0.8547922432501502,0.7998989898989899,0.7488221402900249
id02,2024-07-29,2024-07-28,0.4981160742330531,0.6149833762732846,0.5470731964846739,0.8370549646813046,0.8769936517440297,0.7998989898989899,0.7515339212001656
id02,2024-07-30,2024-07-29,0.4932404069285674,0.6400262107658692,0.7505188347142194,0.8497739127652543,0.859821694843928,0.7998989898989899,0.7397063096747065
id02,2024-07-31,2024-07-30,0.5427015904807568,0.6963449982629502,0.6880659454478569,0.874343492009025,0.8790346639804311,0.8778329882677708,0.6813425320599353
id02,2024-08-01,2024-07-31,0.5282547610384879,0.5723211040422431,0.6065584008579724,0.8529883411204098,0.8508187483953856,0.7845815295815296,0.7043920702291386
id02,2024-08-04,2024-08-03,0.5686038286560163,0.6003946559743714,0.7027604743687789,0.781931599014543,0.8538652080276199,0.8778329882677708,0.7680303572400546
id02,2024-08-05,2024-08-04,0.5188137594676919,0.6943925170533922,0.652491104390134,0.8335193869834395,0.8537069341302803,0.7845815295815296,0.8010289850024999
id02,2024-08-06,2024-08-05,0.5516331191553531,0.5334688656266094,0.6669087281135802,0.8062816485919397,0.8559403475214666,0.7992603174603174,0.7355835282508347
id02,2024-08-07,2024-08-06,0.4699571653011476,0.46467304139673987,0.6417703065468737,0.8283379587561606,0.8749733774922788,0.7845815295815296,0.7774769363730403
id02,2024-08-08,2024-08-07,0.5502522295752507,0.597378571065031,0.7776764289827928,0.7653136748881015,0.8565096461487287,0.8778329882677708,0.6783393975127532
id02,2024-08-10,2024-08-09,0.5005075203051553,0.6379463295403288,0.6401117667913571,0.8094606379855206,0.8824906320281853,0.8778329882677708,0.6056490994649297
id02,2024-08-11,2024-08-10,0.5462062649495384,0.6835431912412616,0.6630255228608685,0.7803600228232247,0.8809034418972512,0.7998989898989899,0.7788311399664731
id02,2024-08-12,2024-08-11,0.42988152196462415,0.5911026877832063,0.706932524479633,0.8107621416720554,0.846572311678904,0.7845815295815296,0.6793366532382197
id02,2024-08-13,2024-08-12,0.45303852287138635,0.42029576313623157,0.483426005272272,0.8279902219755124,0.8706391846548299,0.7998989898989899,0.5942072357854337
id02,2024-08-14,2024-08-13,0.5313716386003615,0.5326407906628885,0.5237087613326167,0.8212660611757351,0.8541407658315924,0.7992603174603174,0.5847721411436664
id02,2024-08-15,2024-08-14,0.5752051965769084,0.6152531151606658,0.8696375261177554,0.8576943327092099,0.8933615186830709,0.7992603174603174,0.7691512160290124
id02,2024-08-16,2024-08-15,0.5266078303026636,0.5876835109412581,0.7657086884872228,0.8692361031637789,0.851766444021118,0.7998989898989899,0.6253191001604494
id02,2024-08-17,2024-08-16,0.49690025668078686,0.5373145760964925,0.5922691757148357,0.8419046951346352,0.8817275138367292,0.7845815295815296,0.7321463157761627
id02,2024-08-18,2024-08-17,0.5386880421451882,0.7473340588055989,0.6050326945301894,0.8637153820212603,0.8491687060045277,0.8302248677248678,0.6090007360228991
id02,2024-08-19,2024-08-18,0.5119456098475896,0.6002959449010076,0.6648536301028851,0.8205451657928275,0.8949551550976856,0.7845815295815296,0.7694397484856776
id02,2024-08-20,2024-08-19,0.4597568153678795,0.5358273823822657,0.6307885570388481,0.8172742654571095,0.8410395725078198,0.8302248677248678,0.6255121927548242
id02,2024-08-21,2024-08-20,0.5508651599631746,0.45891955802375506,0.604037732829909,0.7790606254515497,0.8761165267371854,0.8302248677248678,0.7425194048944326
id02,2024-08-22,2024-08-21,0.5909147399440999,0.595864816173809,0.6656673720138055,0.8167592465443047,0.851420581101991,0.7845815295815296,0.6119722076862714
id02,2024-08-23,2024-08-22,0.6707804158601277,0.7676346444509669,0.61750315796604,0.8470388804393307,0.8581384409867114,0.8778329882677708,0.6229015702129258
id02,2024-08-24,2024-08-23,0.542627312534122,0.7472868740231895,0.6243908035345267,0.819625955285652,0.8777337387456986,0.8778329882677708,0.6098330264740878
id02,2024-08-25,2024-08-24,0.6200342151266924,0.6935806420746825,0.6833641896893771,0.8459730250723545,0.852777148630419,0.8302248677248678,0.5882441226161286
id02,2024-09-11,2024-09-10,0.7158043681119294,0.7705852984058564,0.6732911293609118,0.853009555881428,0.8753228425530388,0.8302248677248678,0.5649811859369919
id02,2024-09-12,2024-09-11,0.5812810002029504,0.7105602449099069,0.6539850587816515,0.87066509254952,0.8539980101421032,0.7992603174603174,0.6944084201834423
id02,2024-09-13,2024-09-12,0.6593085077055854,0.5694170543261102,0.6996303527194466,0.8044160272145306,0.8805294338041518,0.8302248677248678,0.5734870558908534
id02,2024-09-14,2024-09-13,0.6418594419203021,0.5296804441870306,0.6909292945670761,0.8748655873544313,0.8739370273083348,0.7845815295815296,0.5917528717057352
id02,2024-09-16,2024-09-15,0.6402674548366607,0.5633774190265329,0.7811453400515133,0.7979554925273615,0.8530393669398973,0.7992603174603174,0.6275250915799071
id02,2024-09-17,2024-09-16,0.6946354663540348,0.7035373616161985,0.7676880924633451,0.8091335354919933,0.847506077963956,0.8778329882677708,0.6618441663984196
id02,2024-09-19,2024-09-18,0.6929638997799344,0.6163277129502703,0.7701320077582225,0.8361573421101574,0.8533797734244591,0.8778329882677708,0.5694521133909582
id02,2024-09-20,2024-09-19,0.6450773494435822,0.6117751947198204,0.6147249153127549,0.8267071161533786,0.8591145345854853,0.8778329882677708,0.6790866380731522
id02,2024-09-21,2024-09-20,0.539633071099038,0.6048820713572259,0.7953515420309646,0.8867109941847338,0.8942767610250182,0.7845815295815296,0.7093912756282865
id02,2024-09-22,2024-09-21,0.5042526818461437,0.6078159089027307,0.7085811415928879,0.8785221466872465,0.8523488418650599,0.7992603174603174,0.591594583474905
id02,2024-09-23,2024-09-22,0.5878243611675845,0.48659924860121595,0.6830484236556964,0.8376874521915053,0.8570567253605441,0.7845815295815296,0.5989962956799153
id02,2024-09-24,2024-09-23,0.4792106076713462,0.36505618925659067,0.5266182660342774,0.8272322278487574,0.8582982548066106,0.8778329882677708,0.6151366025595211
id02,2024-09-25,2024-09-24,0.4146396314090129,0.5854458881113672,0.6055640638704629,0.8102496201056535,0.8554246709011075,0.7845815295815296,0.6499629207110977
id02,2024-09-26,2024-09-25,0.4968429617869811,0.42779834108063547,0.6034037773508367,0.8436295584686757,0.8565572546303888,0.8302248677248678,0.621114789008919
id02,2024-09-27,2024-09-26,0.5335145628042699,0.4799848483959226,0.6633938573165772,0.8546492163864781,0.8914853074672143,0.7998989898989899,0.5967632597309507
id02,2024-09-28,2024-09-27,0.5513178167454917,0.5072795722941212,0.5888608391912935,0.8459563638490348,0.8765686137877,0.7998989898989899,0.5151593493865605
id03,2024-07-18,2024-07-17,0.6908666177822556,0.48786770420546716,0.642610154965333,0.8247443848287745,0.5161429383725831,0.5200970017636684,0.2441970343643704
id03,2024-07-19,2024-07-18,0.6896664111671148,0.6502124301610317,0.6109420524055386,0.752453056524798,0.5136766382005827,0.5288412698412698,0.3140265593941346
id03,2024-07-20,2024-07-19,0.6693782583105542,0.5648430618848855,0.6294173085250202,0.7720116036182669,0.516344813738287,0.5200970017636684,0.3464425245635591
id03,2024-07-22,2024-07-21,0.632946997330631,0.5061297780523208,0.6690507782420253,0.7797384983393548,0.5504987782769905,0.4881587301587301,0.3274815829836173
id03,2024-07-23,2024-07-22,0.6829204796945554,0.5589916442063224,0.7819217816790527,0.7786404066650229,0.5811234986897119,0.540345471521942,0.3177075662642148
id03,2024-07-24,2024-07-23,0.738074256649038,0.5255849449285149,0.7152091660786841,0.8164515969676756,0.5204365040332269,0.5288412698412698,0.33575089296473015
id03,2024-07-25,2024-07-24,0.6426039756960631,0.7105304508414368,0.6800703895463095,0.7714912248614235,0.5163014529067195,0.4881587301587301,0.308445179846692
id03,2024-07-26,2024-07-25,0.6308968760709867,0.5505889377567228,0.8382253148683977,0.7514346888828305,0.5175606634855129,0.5634325396825396,0.30504687481231624
id03,2024-07-28,2024-07-27,0.7392106959260238,0.6233841879440917,0.845230395142096,0.8270555603336848,0.5140433913648436,0.5200970017636684,0.3162697686828687
id03,2024-07-29,2024-07-28,0.7769352249702055,0.6178210205100225,0.7047288601908057,0.7930110496411074,0.5843743006735785,0.540345471521942,0.28661844319960494
id03,2024-07-30,2024-07-29,0.8172914190184914,0.7580850695378365,0.7013845719988657,0.7846179032273684,0.5462586382912059,0.5634325396825396,0.30386189831359545
id03,2024-07-31,2024-07-30,0.798127358501145,0.7558795427611392,0.7130991234229992,0.8089753683980706,0.5561576613220109,0.5634325396825396,0.3257122600904736
id03,2024-08-03,2024-08-02,0.7661304450044513,0.709330163611892,0.8465578981142287,0.7647081955237718,0.5453030847174909,0.540345471521942,0.2442597048572017
id03,2024-08-04,2024-08-03,0.8122997170695794,0.7256182231630053,0.7313981505870324,0.83029516203535,0.5741114510205075,0.5200970017636684,0.2250665408436097
id03,2024-08-06,2024-08-05,0.7815996069181204,0.7587168650957069,0.721450980606174,0.8182743203452358,0.5708016342123211,0.5634325396825396,0.3341039927854805
id03,2024-08-08,2024-08-07,0.7614543345764921,0.697596264618291,0.5893483585901412,0.8495666435215634,0.5522845053134744,0.5288412698412698,0.2449886692999637
id03,2024-08-11,2024-08-10,0.8141508494520073,0.6625430744156422,0.8297744023962227,0.7815864872097693,0.5686138879624844,0.540345471521942,0.28462183715771927
id03,2024-08-12,2024-08-11,0.821629485829811,0.6425222200829757,0.8350474575866812,0.8331790559209311,0.5769679918381578,0.540345471521942,0.3135199941590369
id03,2024-08-13,2024-08-12,0.7842332170999686,0.6192605287223353,0.6888946467653905,0.7976818110776307,0.5110975376758554,0.5634325396825396,0.31158620234011913
id03,2024-08-14,2024-08-13,0.7802537322311232,0.7661630326511368,0.7084156561977847,0.8163705707017554,0.5529117559181701,0.4881587301587301,0.31396647831167407
id03,2024-08-15,2024-08-14,0.8222438971214745,0.581144018271841,0.769103417959141,0.7763342195290572,0.5470010230920591,0.5634325396825396,0.3625602575256305
id03,2024-08-16,2024-08-15,0.80524281842033,0.5768739187458853,0.8051597424949428,0.8439591474065156,0.5840642255796474,0.4881587301587301,0.2788708873467493
id03,2024-08-30,2024-08-29,0.8261429915464793,0.6933998747693942,0.7898351678327741,0.8014729118857491,0.5734168175883767,0.540345471521942,0.34178134889668826
id03,2024-09-01,2024-08-31,0.8496273743186138,0.7627453261580901,0.8678163920453663,0.8102110314036437,0.5837788594282933,0.5634325396825396,0.3137477648380765
id03,2024-09-02,2024-09-01,0.844416890522347,0.7215018154360239,0.6806421828449801,0.825569347955375,0.556041416098784,0.540345471521942,0.340016992242717
id03,2024-09-03,2024-09-02,0.8387135888526497,0.7422793807522569,0.6664279624051784,0.7812460379544259,0.5724140757686843,0.5288412698412698,0.2814206192932115
id03,2024-09-05,2024-09-04,0.8096400015562397,0.5413407790934383,0.6940019087786488,0.8413420341519984,0.558689118743771,0.5288412698412698,0.22367648477794355
id03,2024-09-06,2024-09-05,0.800651640555115,0.7139361916984311,0.7278290054999466,0.8466875775596845,0.5494127305916394,0.5634325396825396,0.3586744451617109
id03,2024-09-07,2024-09-06,0.6789178238145468,0.749896321069566,0.7074427611973431,0.8487484127664555,0.5784861516631192,0.5200970017636684,0.31230072730002856
id03,2024-09-08,2024-09-07,0.7018189965904962,0.7053275149364523,0.7827143792659166,0.8078108803232504,0.5577145294305355,0.5634325396825396,0.29203793159463864
id03,2024-09-10,2024-09-09,0.6794435488950663,0.6559809043630112,0.7691832243522502,0.79812113731206,0.5428356471730726,0.5288412698412698,0.31061918164675884
id03,2024-09-12,2024-09-11,0.7011661530985658,0.6759804299494158,0.7300257993313809,0.7295605067222427,0.5175782308304988,0.4881587301587301,0.3135816914269044
id03,2024-09-13,2024-09-12,0.8103736829298912,0.7427751500726936,0.7209807238601771,0.8289154989008141,0.5111638239102236,0.4881587301587301,0.3139290450234292
id04,2024-08-01,2024-07-31,0.7332033313480525,0.6597825191082151,0.807846966729597,0.7537849966569561,0.6590896008575324,0.560339738234475,0.46217615427497855
id04,2024-08-02,2024-08-01,0.5382406038742608,0.5875222438147623,0.7497126233855443,0.7600988224494387,0.6545015719910946,0.558005772005772,0.519322023771603
id04,2024-08-03,2024-08-02,0.5299169715903077,0.5231102759292874,0.7184270798745132,0.7121117684817755,0.6563726990205165,0.6113492063492063,0.5703809168619639
id04,2024-08-04,2024-08-03,0.5369723193761682,0.5144393726099981,0.6506234325261099,0.7650822782126641,0.7248832499832492,0.6113492063492063,0.4889509292303207
id04,2024-08-05,2024-08-04,0.508222692679857,0.46397676972876706,0.7043536884800079,0.7558443876523769,0.6576681662360646,0.6113492063492063,0.6072363131117577
id04,2024-08-09,2024-08-08,0.6443517742382437,0.3608246325317033,0.5932927414967918,0.7952157002484316,0.6661947021309931,0.558005772005772,0.5644052479611761
id04,2024-08-13,2024-08-12,0.6107252516388075,0.3065758040534099,0.8256496175234052,0.7723774418158251,0.7265441383548668,0.558005772005772,0.4485200572095074
id04,2024-08-14,2024-08-13,0.6877521789754599,0.36223910851549207,0.5831575135784923,0.7962542134983406,0.6575513006382321,0.558005772005772,0.4421849003895413
id04,2024-08-15,2024-08-14,0.7214308919472705,0.30714211231919025,0.676195333959271,0.7915614957630882,0.7285984570186348,0.560339738234475,0.5698140875758682
id04,2024-08-16,2024-08-15,0.6849855020616941,0.4927423208695519,0.706262680781561,0.788622642559224,0.6626946048489935,0.5148607630186577,0.5539384649776584
id04,2024-08-17,2024-08-16,0.7297189342205249,0.4740358963676282,0.7619226361804035,0.7660316764391291,0.6584088121626877,0.5244253968253968,0.5549875533888737
id04,2024-08-18,2024-08-17,0.6270912908080576,0.4771527662225964,0.6548070029422839,0.782137241660038,0.7285870416790964,0.560339738234475,0.5869021469884952
id04,2024-08-19,2024-08-18,0.7082876564215971,0.6517132977750041,0.8258824732040713,0.8115129547845338,0.7222610160585634,0.6113492063492063,0.41911140519263235
id04,2024-08-20,2024-08-19,0.6804617745471729,0.5795514153539751,0.7230450703436982,0.7867572470221763,0.664917911369642,0.560339738234475,0.39328357023714144
id04,2024-08-21,2024-08-20,0.6949639349733268,0.6980817028214586,0.7074607338113337,0.7758748876950164,0.7249249331311445,0.5148607630186577,0.5186708522838217
id04,2024-08-22,2024-08-21,0.6977775439832725,0.5153779660002299,0.7096736865306449,0.7978475498637536,0.6521214186565035,0.558005772005772,0.4387971530517425
id04,2024-08-23,2024-08-22,0.6202238874208724,0.47212720406203906,0.4534115141174768,0.7087422270678577,0.6704564636244936,0.6113492063492063,0.5158874638217896
id04,2024-08-24,2024-08-23,0.6059729416317196,0.5035672300067987,0.6138717545285237,0.7701408424558487,0.652487405130399,0.560339738234475,0.5398369703310149
id04,2024-08-25,2024-08-24,0.5950279992774469,0.5661921670888542,0.6856542044116031,0.8318118232793249,0.7281211845332107,0.6113492063492063,0.5605815480326906
id04,2024-08-26,2024-08-25,0.6350123958567,0.4305411893613101,0.6972909203987819,0.8040916472198709,0.6580323210000923,0.6113492063492063,0.4004239143012899
id04,2024-08-27,2024-08-26,0.6061547546250969,0.39925422839396163,0.6856007697436511,0.7826239571031258,0.7228714753698287,0.6113492063492063,0.5627429267476369
id04,2024-08-28,2024-08-27,0.5160915299072475,0.4493843318581763,0.6627743881185242,0.7813342653048936,0.6495265611278841,0.5244253968253968,0.4676345760389472
id04,2024-08-29,2024-08-28,0.49188153776705856,0.5487720981536648,0.6653643854520676,0.781324394205524,0.7255526992700444,0.558005772005772,0.5857475912041723
id04,2024-08-30,2024-08-29,0.5331210576863469,0.45021069075120457,0.6794375223393563,0.7131016379404271,0.7274937069321236,0.5244253968253968,0.5754870543776257
id04,2024-08-31,2024-08-30,0.674580639598348,0.4483953596845885,0.6446150576756676,0.787460230816015,0.7282879408117849,0.6113492063492063,0.5532364290779738
id04,2024-09-01,2024-08-31,0.6963404881578826,0.5116161400261247,0.6972095307880539,0.8094522506748068,0.6587739463306951,0.6113492063492063,0.43644769161271546
id04,2024-09-02,2024-09-01,0.5294678654989695,0.49633809547593744,0.5493681830286379,0.6318014472724023,0.7163526933028357,0.558005772005772,0.5818125809734105
id04,2024-09-03,2024-09-02,0.44877414975042373,0.48638907633635253,0.6462412855801049,0.5540610376538282,0.7105546093291149,0.5148607630186577,0.3860035084460255
id04,2024-09-04,2024-09-03,0.5111884089517502,0.5199238151158593,0.6543686523894673,0.6471058017162561,0.7096896015242392,0.560339738234475,0.5227140990724606
id04,2024-09-05,2024-09-04,0.5431518521186839,0.5827843304609057,0.6324019452912669,0.6229499088548289,0.6352777056964009,0.6113492063492063,0.4944344258247553
id04,2024-09-06,2024-09-05,0.5540186387379231,0.5523005250275588,0.6161857058783087,0.6351324208065914,0.7135835789289439,0.558005772005772,0.5770236302659559
id04,2024-09-07,2024-09-06,0.5706225676705458,0.42582160368590377,0.6406463168079938,0.6638676008248793,0.7087924152631534,0.6113492063492063,0.5822493879400574
id04,2024-09-08,2024-09-07,0.47970320227320135,0.5787010943859398,0.6546237252730851,0.6691774779608157,0.65639218465585,0.5244253968253968,0.5694482267593355
id04,2024-09-09,2024-09-08,0.48133508636459843,0.47240984003464537,0.7809020185853199,0.7012935075689273,0.646201578319482,0.5244253968253968,0.4816808637462968
id04,2024-09-11,2024-09-10,0.5396664879762291,0.4478459440679243,0.7290532494402914,0.7457431972847278,0.7177387694941698,0.5148607630186577,0.5910311295632344
id04,2024-09-17,2024-09-16,0.526068031623879,0.48580711679231353,0.638064633195455,0.7867110670392167,0.6524574753357693,0.5244253968253968,0.600432050268549
id04,2024-09-18,2024-09-17,0.48747094520817413,0.5248311812250059,0.6163259537939162,0.6861500962214082,0.6559151528161266,0.5244253968253968,0.5352454872203052
id04,2024-09-28,2024-09-27,0.5948998280584704,0.3505112356325953,0.6099864043250361,0.7060458988744165,0.7178533557069073,0.5244253968253968,0.6025978698630344
id04,2024-09-29,2024-09-28,0.4920334763763087,0.6214332487387391,0.7904487141868408,0.7287539099607409,0.652509342995363,0.558005772005772,0.44910934554121273
id04,2024-09-30,2024-09-29,0.5568218966431342,0.49135565652966956,0.7979673386307821,0.7148117639314027,0.7177666438458589,0.5244253968253968,0.49151702960557675
id04,2024-10-01,2024-09-30,0.6568905035062363,0.5493799047303614,0.8024764106969748,0.7734986157389249,0.6433223347004755,0.5148607630186577,0.5956305562686474
id04,2024-10-02,2024-10-01,0.6499327191311484,0.655734836541975,0.7732405647232244,0.759546594417585,0.7164841373325094,0.6113492063492063,0.5910313050744622
id04,2024-10-03,2024-10-02,0.6495316348910432,0.6309877383431447,0.6705018147713273,0.7394358674731851,0.7163920640536501,0.6113492063492063,0.46925480138714315
id04,2024-10-04,2024-10-03,0.6803098442686103,0.5592764610528397,0.7702590537201699,0.7230254226774321,0.6570446391986163,0.5244253968253968,0.590695641681342
id04,2024-10-05,2024-10-04,0.6572811336291298,0.6668882333565911,0.7244036693449135,0.7679035547300354,0.6532358063935446,0.5244253968253968,0.5728767244197941
id04,2024-10-06,2024-10-05,0.642843019719752,0.6992572248486708,0.7673486604698682,0.7422875748090397,0.654373587350551,0.5244253968253968,0.5486128066085312
id04,2024-10-07,2024-10-06,0.5688506754008565,0.728575740743024,0.6793927289887408,0.781594994347535,0.6557477886167924,0.560339738234475,0.570093622013259
id04,2024-10-08,2024-10-07,0.593404236908303,0.6341169368508986,0.7325127281565573,0.7476193547214345,0.6572880152488567,0.5148607630186577,0.5280001068832763
id04,2024-10-09,2024-10-08,0.5351381943710845,0.6729542738479348,0.8146195975366505,0.7736568090218281,0.7207020254087053,0.6113492063492063,0.5809905742333998
id04,2024-10-10,2024-10-09,0.5125981100377541,0.6089985474966451,0.3825791743920603,0.7699928202262347,0.6543318387551099,0.5148607630186577,0.4757349700046542
id04,2024-10-11,2024-10-10,0.599484158692321,0.5401216784515067,0.6275109527279117,0.6835821150183503,0.6547692702315935,0.5148607630186577,0.5817617617877229
id04,2024-10-12,2024-10-11,0.6118973740406488,0.6435593519680889,0.7868873309139333,0.6900187604580039,0.7150851979879214,0.560339738234475,0.4785952372643649
id04,2024-10-13,2024-10-12,0.5771967006533866,0.546100024290551,0.6618258090367081,0.799500562107913,0.7166542434408654,0.5244253968253968,0.5473316520382387
id04,2024-10-14,2024-10-13,0.5212295730745495,0.7412541137043005,0.845341096063131,0.7501630698191867,0.7212839850114876,0.5244253968253968,0.5959766354114837
id04,2024-10-21,2024-10-20,0.6095487900067236,0.5568341686813466,0.8288206371615153,0.7504370870405523,0.6423773354467643,0.6113492063492063,0.4499288155102798
id04,2024-10-23,2024-10-22,0.5888225892579522,0.49827912121050033,0.7005642622242954,0.6337197287541444,0.7101939266052824,0.5244253968253968,0.5881718361359752
id04,2024-10-27,2024-10-26,0.573627557662027,0.5209584423197539,0.6251570721320912,0.6116110467649208,0.6514371144587394,0.558005772005772,0.5681655819522686
id05,2024-08-29,2024-08-28,0.5562405061252789,0.6488911006967535,0.6244527409422289,0.49492701722019367,0.3942918572426808,0.2632106782106782,0.3574928598292072
id05,2024-08-30,2024-08-29,0.5767732639222292,0.577753446325328,0.6713727619007976,0.5767316678722735,0.3533997121487242,0.2846392496392496,0.4838490499228969
id05,2024-08-31,2024-08-30,0.4622301259350866,0.7443204671685256,0.7524080799591787,0.5285834212419163,0.38076456415984977,0.26688441188441187,0.4848791807745072
id05,2024-09-01,2024-08-31,0.6129248209133398,0.5460102814388952,0.6774000742466001,0.44284494308268485,0.3579968774231396,0.2566701173222912,0.41025474575115506
id05,2024-09-02,2024-09-01,0.602947375729056,0.4615026873297577,0.7278450195157253,0.5498636044349788,0.3207935862954555,0.26688441188441187,0.42250540001516657
id05,2024-09-03,2024-09-02,0.5638242955679231,0.5869879115738901,0.8191632007526722,0.6071743561318746,0.3779250081471441,0.26688441188441187,0.4840141067097101
id05,2024-09-05,2024-09-04,0.5188129323923516,0.7056874773750169,0.6105653739569179,0.5502854585346133,0.3758910686377976,0.2846392496392496,0.38563276136694197
id05,2024-09-06,2024-09-05,0.5516352850591271,0.6682476181248024,0.6459248244989836,0.661383252618668,0.3506132676320909,0.2566701173222912,0.5118648389766944
id05,2024-09-07,2024-09-06,0.5739896296202909,0.5725415183668884,0.5643716922815851,0.6064228908530508,0.38987298451691665,0.26688441188441187,0.5521936087783645
id05,2024-09-08,2024-09-07,0.5591074707428604,0.7063964691354728,0.5470412619532584,0.5954201607337077,0.3183650520013986,0.2632106782106782,0.40662568765421403
id05,2024-09-09,2024-09-08,0.5656427820440072,0.7286354352097637,0.5887331542204202,0.5651278760429035,0.3488483877029439,0.2566701173222912,0.5725098334766945
id05,2024-09-10,2024-09-09,0.5065900316354461,0.5237210504747067,0.7624969803110961,0.6221471254382958,0.3185488728869982,0.26688441188441187,0.3923179200805368
id05,2024-09-11,2024-09-10,0.5648787451165522,0.7070267924896586,0.6362455775896074,0.6030549397085179,0.3515114626681074,0.2846392496392496,0.47405350898339627
id05,2024-09-12,2024-09-11,0.5519201268977083,0.5655583256680413,0.5040198738574251,0.6423278314458263,0.3991184184649141,0.28844592100406047,0.5130068262420348
id05,2024-09-13,2024-09-12,0.6294291554509679,0.4816449300547197,0.7873594456048599,0.6262738095047717,0.3590628346656057,0.28844592100406047,0.5086405543448929
id05,2024-09-14,2024-09-13,0.6476583176218416,0.5328582592233927,0.743867069121226,0.6124787989455691,0.32097066471192925,0.2846392496392496,0.42380244038464143
id05,2024-09-16,2024-09-15,0.6221581817647402,0.43943568419116324,0.8313119842643281,0.4565519883199044,0.350315159055329,0.2846392496392496,0.4288674179231672
id05,2024-09-19,2024-09-18,0.6371305525649178,0.5952521296505388,0.8243449383408168,0.6311678241570311,0.3936298140870818,0.2846392496392496,0.4978852478382256
id05,2024-09-20,2024-09-19,0.6823168172591092,0.32678632248178857,0.650264355685568,0.5676529721346005,0.37191820947787274,0.26688441188441187,0.4037543202474541
id05,2024-09-21,2024-09-20,0.6733959225575983,0.4347832395643083,0.7568684893901994,0.4746124265951438,0.37100113090145265,0.26688441188441187,0.45142869378337014
id05,2024-09-23,2024-09-22,0.6305620467929314,0.44367128785857274,0.8114518067783716,0.5210165165507413,0.3967250597894761,0.2632106782106782,0.40103067457302266
id05,2024-09-24,2024-09-23,0.6169270733764023,0.3857971117761856,0.6580588393317376,0.4108986950198228,0.3205281656320864,0.2566701173222912,0.5132062188788085
id05,2024-09-25,2024-09-24,0.5712218196096661,0.4535710053830991,0.6240869586276738,0.5281486031075868,0.37924450981821456,0.26688441188441187,0.48635988448521716
id05,2024-09-26,2024-09-25,0.4887798786393327,0.464083744414605,0.5485378361141852,0.5254940333349781,0.37318980998735357,0.26688441188441187,0.513528001111789
id05,2024-09-27,2024-09-26,0.5325418806705354,0.4796231660947859,0.6339137732152819,0.5162281476969593,0.3802976081323341,0.26688441188441187,0.4616126333896601
id05,2024-09-28,2024-09-27,0.5245727065208675,0.3354289582513251,0.7445326851417879,0.6104577354833248,0.3384922699400976,0.28844592100406047,0.4976115947622791
id05,2024-10-10,2024-10-09,0.4505625876958446,0.3082548436884279,0.6831250005207863,0.626612051646874,0.3363050770324449,0.2846392496392496,0.47713400756999536
id05,2024-10-19,2024-10-18,0.5586767128925542,0.311210458876107,0.7588367207653557,0.6236264532578673,0.3663426823959776,0.28844592100406047,0.44195340886258183
id05,2024-10-23,2024-10-22,0.5540379276116117,0.18958834089955376,0.6663518708223161,0.6573182021430237,0.39160464682931617,0.28844592100406047,0.3771407437060804
id05,2024-10-24,2024-10-23,0.5576511444643967,0.23055106463596461,0.6822994312090657,0.6694463429439557,0.3684611243940873,0.28844592100406047,0.42999532373908383
id05,2024-10-25,2024-10-24,0.5149155623698276,0.25981649466532036,0.5707075786300397,0.6222487307024741,0.36413184323131176,0.2846392496392496,0.4332391635827225
id05,2024-10-26,2024-10-25,0.5746565514438104,0.23407604640548282,0.7403454981282183,0.687258275221059,0.33527549666570056,0.28844592100406047,0.478622959060136
id05,2024-10-27,2024-10-26,0.5034098552102284,0.285130911163734,0.6736271927107051,0.5997110575184028,0.3672824040688931,0.2632106782106782,0.40297949562377555
id05,2024-10-28,2024-10-27,0.4941684164215314,0.334671493558288,0.6857291668750641,0.6143863855322238,0.40028070441812524,0.2632106782106782,0.4907652864113258
id05,2024-10-29,2024-10-28,0.5994854421524328,0.3199196585425195,0.5570177360850871,0.6513403326283767,0.36513787745546555,0.2566701173222912,0.3637758172221198
id05,2024-10-30,2024-10-29,0.5537509926082352,0.23350618474432355,0.6167165696015621,0.5691854109081803,0.36268352323141995,0.2632106782106782,0.46635385875154867
id05,2024-10-31,2024-10-30,0.4495400518812044,0.35529327589690285,0.5988632831957591,0.4603829845809872,0.326320073697012,0.28844592100406047,0.35567566345475765
id05,2024-11-03,2024-11-02,0.44973993945608787,0.2739463397015845,0.5401057566716746,0.5831603340023988,0.3678276741313179,0.2566701173222912,0.5248347736555524
id05,2024-11-05,2024-11-04,0.399552148473597,0.2727266064004693,0.60025701403753,0.5442717249173206,0.3698562508682876,0.28844592100406047,0.4476328881461511
id05,2024-11-06,2024-11-05,0.4498232084890965,0.33419669666237717,0.5505107821368832,0.5931410434520328,0.3859072293875185,0.26688441188441187,0.4500444961100832
id05,2024-11-10,2024-11-09,0.41856287704626516,0.29529487612314054,0.5497506530278427,0.5823671306089779,0.36306985276398285,0.26688441188441187,0.5071434747183026
id05,2024-11-11,2024-11-10,0.4930890538297904,0.34627729621510805,0.6504730617791054,0.5923079991604918,0.388592349524939,0.26688441188441187,0.4837358508439594
id05,2024-11-12,2024-11-11,0.4392098601601178,0.35994168122991593,0.5482986739340806,0.6036547071653164,0.32161143327487873,0.2632106782106782,0.46323537955541194
id05,2024-11-15,2024-11-14,0.4257819194977542,0.2677118187335797,0.5318444862604768,0.5989124769756835,0.40162961095679545,0.2632106782106782,0.5445080268718161
id06,2024-06-04,2024-06-03,0.30888622965038615,0.3888951540553657,0.41808844796759176,0.8034095770708936,0.8910252014673795,0.9156805133400878,0.6785565943695128
id06,2024-06-05,2024-06-04,0.2663810040751865,0.21843459470160473,0.4748140202819919,0.8435152013297507,0.857585212220859,0.9007868963188113,0.72658880992538
id06,2024-06-06,2024-06-05,0.1918272048469239,0.2495911192803989,0.40734149659770874,0.8082379556105437,0.8663974115745978,0.9144789510006902,0.7064792588670111
id06,2024-06-07,2024-06-06,0.25270177547777073,0.2815870817955146,0.38602888613904984,0.8305897903902085,0.8949786602854681,0.8982522045855379,0.7102436303895664
id06,2024-06-08,2024-06-07,0.27706806665761546,0.2409986320559556,0.520546403002999,0.8498535829090547,0.8641914982598073,0.8982522045855379,0.728122304991784
id06,2024-06-09,2024-06-08,0.2198906323907031,0.4440068768148176,0.3914168479438194,0.855764294102825,0.8593304465501244,0.8982522045855379,0.7164489037866406
id06,2024-06-10,2024-06-09,0.1828632569020513,0.2523404667631723,0.5118927958002981,0.8228315929447826,0.8718338743133816,0.9007868963188113,0.700493508395767
id06,2024-06-11,2024-06-10,0.18969985957004148,0.28404433307199783,0.5089480081166045,0.8600057192290045,0.8510531739717244,0.9156805133400878,0.7026627234553398
id06,2024-06-12,2024-06-11,0.21591148332791826,0.3077532985408048,0.3928249236173867,0.8686213820025369,0.8978610982359698,0.9144789510006902,0.7123162666893956
id06,2024-06-13,2024-06-12,0.20824827694708145,0.2792988087441182,0.27550647868251554,0.8757611232483382,0.862860769197465,0.9007868963188113,0.8237374385219516
id06,2024-06-14,2024-06-13,0.20239410158452248,0.3631294026975711,0.49609992274951453,0.8675161480360581,0.8588182698448747,0.9013559608240459,0.8172971626925432
id06,2024-06-15,2024-06-14,0.2660451799240521,0.2652507183668431,0.5434497531644293,0.8391766146951458,0.8633171109727904,0.9007868963188113,0.7687062953619336
id06,2024-06-17,2024-06-16,0.3186925601475154,0.3160133916109902,0.5905227031539346,0.7918283899746769,0.8572961347304053,0.9013559608240459,0.7501496416000731
id06,2024-06-19,2024-06-18,0.27570951431327495,0.3294996183687424,0.49525211887761056,0.8411762500043181,0.857662725905332,0.8982522045855379,0.75627228129751
id06,2024-06-20,2024-06-19,0.2823018977163948,0.29504354581439257,0.4083831686035121,0.8652298305683535,0.856657894839148,0.9007868963188113,0.8002251976569205
id06,2024-06-21,2024-06-20,0.21091698775955028,0.2354813320415232,0.5587128498191674,0.8829807635869322,0.8657190845827846,0.9144789510006902,0.831629737458339
id06,2024-06-22,2024-06-21,0.23578876611773775,0.24424187152383042,0.4811560710398841,0.8947812241919559,0.8649457796949861,0.9156805133400878,0.7933834273284285
id06,2024-06-24,2024-06-23,0.25492472798095284,0.29231835667991185,0.18896408969346173,0.8902838121121057,0.8749235767154724,0.9144789510006902,0.72562693340251
id06,2024-06-25,2024-06-24,0.21743331596185217,0.402373703931379,0.4954430203264908,0.8093426119582361,0.8550498673498658,0.8982522045855379,0.7757032865388409
id06,2024-06-26,2024-06-25,0.2164230591011373,0.3899700801367528,0.4888841305961868,0.8402046856941365,0.870156455459394,0.9144789510006902,0.6904436850826593
id06,2024-06-27,2024-06-26,0.24291163754329326,0.4743743323134275,0.6259587645543786,0.8884216123610937,0.8627300594998886,0.8982522045855379,0.7939198210470634
id06,2024-06-28,2024-06-27,0.32455935032781263,0.3330282793440736,0.640897210491547,0.9049883899440286,0.8545255597538465,0.9013559608240459,0.777337706346504
id06,2024-06-29,2024-06-28,0.27436352922029134,0.619052976931256,0.5585967627402847,0.8400097589768388,0.8631428365541798,0.8982522045855379,0.7676552335924403
id06,2024-06-30,2024-06-29,0.2790495871471717,0.5139892347086367,0.686240592718382,0.8817579153455856,0.9003386311112404,0.9013559608240459,0.7028428498695967
id06,2024-07-01,2024-06-30,0.28337309186843485,0.5737643758723396,0.587280146541439,0.8750820945087447,0.8620924415795495,0.9013559608240459,0.7160762606348798
id06,2024-07-02,2024-07-01,0.2985628269404489,0.5021116392022859,0.6717996065897306,0.8786973858608012,0.8589389048809367,0.9144789510006902,0.8454202860029036
id06,2024-07-03,2024-07-02,0.3566390556761205,0.5422117908407758,0.5969707050364348,0.892964399908565,0.8641570706168226,0.9013559608240459,0.8414151442843292
id06,2024-07-04,2024-07-03,0.29101874819383033,0.6061402560583022,0.6220950651356734,0.8482237259632616,0.8588927330287159,0.9144789510006902,0.7412572607098507
id06,2024-07-05,2024-07-04,0.3267278140253458,0.5806352956702615,0.6427698625627961,0.8941297057960469,0.8632071572952312,0.9144789510006902,0.7104801412779456
id06,2024-07-06,2024-07-05,0.336862915363079,0.5011820008021041,0.7566278291491996,0.8916103465439027,0.8602207098151516,0.9013559608240459,0.7916740138920866
id06,2024-07-15,2024-07-14,0.23828510024803468,0.6063343305538705,0.7471359352110561,0.8324758634176487,0.8984506921015248,0.9156805133400878,0.7914182867731472
id06,2024-07-22,2024-07-21,0.30899891290775594,0.46759525511566946,0.6340009690855256,0.826253028926941,0.8576446988032038,0.9156805133400878,0.765133612175035
id06,2024-07-25,2024-07-24,0.27603580798410826,0.46259029831869036,0.6582869639080844,0.8879993470049548,0.9007535164103424,0.9156805133400878,0.6941150191873355
id06,2024-07-26,2024-07-25,0.3122634774005392,0.5212446915797487,0.6328869083176611,0.8692413542805748,0.8529439492581898,0.9007868963188113,0.717130578253928
id06,2024-07-27,2024-07-26,0.2901269089028349,0.47744891818335444,0.6638924065885792,0.8376446180993116,0.8626566605638766,0.8982522045855379,0.7000091852025397
id06,2024-07-28,2024-07-27,0.2813459837175511,0.45388324521401063,0.5749124083917756,0.8755478235262045,0.8638401748153569,0.8982522045855379,0.7470670844458225
id06,2024-07-29,2024-07-28,0.301200671901799,0.3788854959956147,0.763315748249765,0.7688213321684954,0.8993348874011902,0.9007868963188113,0.8175255725494923
id06,2024-07-30,2024-07-29,0.1839537168192395,0.36210715070162375,0.575688217591395,0.8457028123976938,0.8655091478161842,0.9156805133400878,0.8320069623985484
id06,2024-07-31,2024-07-30,0.3198605141374401,0.4237991238314532,0.6199197035562107,0.8498417043894415,0.8585984455654166,0.9144789510006902,0.7470442119852486
id06,2024-08-01,2024-07-31,0.2749223852128503,0.5548188028547271,0.660434041793417,0.8556177351089155,0.8632151154778435,0.9013559608240459,0.7854066121031229
id06,2024-08-02,2024-08-01,0.24513267252627635,0.42558660048674896,0.6372187903548804,0.9134811912963366,0.8588755756397305,0.8982522045855379,0.7271823990862756
id06,2024-08-03,2024-08-02,0.2565949297261716,0.4030500939561633,0.5028343170385798,0.8327540025382427,0.863796257333544,0.9156805133400878,0.8237451029583005
id06,2024-08-04,2024-08-03,0.24277830195381822,0.5942333532905596,0.7217060351638865,0.8809386457125987,0.8626988099832479,0.9144789510006902,0.7244501704452344
id06,2024-08-05,2024-08-04,0.18300329594789072,0.4944535841160672,0.631401386645597,0.8561953679459738,0.861640144181605,0.9013559608240459,0.8142808538362076
id06,2024-08-06,2024-08-05,0.16646426454128926,0.3861249635997731,0.625112702780975,0.8947815066441351,0.856961421172872,0.9007868963188113,0.7904865812683252
id06,2024-08-11,2024-08-10,0.24658119500757408,0.4765434408022459,0.6020275393248024,0.9051018549061167,0.8555966834983103,0.9156805133400878,0.6964054313320374
id06,2024-08-16,2024-08-15,0.23886135122094132,0.49549505627777796,0.7554486876850613,0.8908795121107222,0.8590913292706888,0.8982522045855379,0.8012787464779915
id06,2024-08-19,2024-08-18,0.24812903905324124,0.4858175229851516,0.5880996596816959,0.9186874820611164,0.8631275280417839,0.9007868963188113,0.7526046657491885
id07,2024-06-10,2024-06-09,0.3347091053515134,0.43919443058266094,0.44393199615646234,0.7881298406586537,0.6363218479298899,0.8083148763381321,0.5557540023711041
id07,2024-06-11,2024-06-10,0.45932192352864054,0.3315507292635808,0.5767524596648865,0.8379160904756562,0.5849827680751373,0.775079365079365,0.6441795868912483
id07,2024-06-12,2024-06-11,0.37232761896281613,0.3444484783713867,0.6238992298084971,0.7761345219478191,0.6276184581024185,0.7827777777777777,0.5204870765981662
id07,2024-06-13,2024-06-12,0.48614025500009395,0.43051589900372783,0.7097488050712717,0.7449482898140791,0.6747871157697137,0.7899966227625801,0.5455046456583286
id07,2024-06-14,2024-06-13,0.46814408446795797,0.4164683780870927,0.5909136937469018,0.7908378727601844,0.6351227288540049,0.8083148763381321,0.5465815670587949
id07,2024-06-15,2024-06-14,0.4938353432435048,0.5371865104008917,0.5118389481611431,0.8052398542482027,0.5852360750194077,0.8083148763381321,0.5638631580609531
id07,2024-06-16,2024-06-15,0.45495261562356476,0.29553426193175303,0.41789267089141297,0.797828828566325,0.5863751912245329,0.775079365079365,0.630340970782679
id07,2024-06-17,2024-06-16,0.4717105783584723,0.4261479408090645,0.4287918449353489,0.8232394385340953,0.5849151004219127,0.8083148763381321,0.5425544398116393
id07,2024-06-18,2024-06-17,0.43665954285129305,0.39473768778856383,0.5422422450145138,0.769731961597971,0.703376663838808,0.8083148763381321,0.532171951523872
id07,2024-06-19,2024-06-18,0.41420097468575395,0.514458198200428,0.6341933181379616,0.8140701715114126,0.7015319716389438,0.7573082010582011,0.5383831877098929
id07,2024-06-20,2024-06-19,0.3603598564562789,0.4036578231211958,0.5542957732624233,0.7486946918515636,0.5821584724180536,0.775079365079365,0.5238191595579882
id07,2024-06-21,2024-06-20,0.3587904467919533,0.32903671948540913,0.5446729198731608,0.7661858273094534,0.6748324337764285,0.7899966227625801,0.5638808334366041
id07,2024-06-22,2024-06-21,0.5055557654965397,0.49241067288133733,0.4427597857981926,0.7313697111073854,0.613491553346749,0.775079365079365,0.5062363509649443
id07,2024-06-23,2024-06-22,0.4115545881083282,0.318714896707307,0.7079539058754936,0.7901562143482224,0.6355386322152088,0.7573082010582011,0.5049398248902786
id07,2024-06-24,2024-06-23,0.36862305538040047,0.4370569843066565,0.5425647209366726,0.8127638466525282,0.7014998622716286,0.7827777777777777,0.5698762821740451
id07,2024-06-25,2024-06-24,0.5271207608148003,0.5491510542272747,0.5632166663809699,0.6270160990821765,0.6283854853428511,0.7827777777777777,0.48237754104124386
id07,2024-06-26,2024-06-25,0.4754918487127559,0.7050846615379044,0.6424226862675227,0.7125518497747187,0.667824601112524,0.8083148763381321,0.5296908994154652
id07,2024-06-27,2024-06-26,0.5681995655662646,0.6676184103647851,0.276967164950733,0.756086630286646,0.667020943456516,0.7899966227625801,0.6184965011309473
id07,2024-06-28,2024-06-27,0.5215833722368453,0.6630278188666436,0.5188986999657407,0.7321311099101773,0.6109549522861109,0.8083148763381321,0.573522970361819
id07,2024-06-29,2024-06-28,0.5034539009378285,0.6285707894801787,0.45675630272691886,0.7390345837865595,0.6129039396715982,0.8083148763381321,0.5767574197963832
id07,2024-06-30,2024-06-29,0.47633756593013016,0.5980901253586335,0.5322108933290267,0.7168714690782179,0.633224916665708,0.7899966227625801,0.4931061066621967
id07,2024-07-01,2024-06-30,0.4866238161939102,0.5858462594914382,0.5938764925470057,0.7403542640987157,0.5829087468623257,0.8083148763381321,0.5254689559003574
id07,2024-07-02,2024-07-01,0.42184109792378616,0.6516814642560522,0.598535243149403,0.7437837435379668,0.6997687333334268,0.7827777777777777,0.4507266167462155
id07,2024-07-03,2024-07-02,0.5346814185221243,0.5278547037195903,0.5159450609114847,0.7377136370935016,0.6997128737652607,0.775079365079365,0.49143061402058985
id07,2024-07-04,2024-07-03,0.4707855385372859,0.4785660141584444,0.561559287556096,0.6370514003497875,0.6296710346244331,0.7899966227625801,0.42255054365699196
id07,2024-07-06,2024-07-05,0.48399973529360074,0.5534614265266494,0.5849761922831694,0.7046610421358015,0.6136086863937238,0.7899966227625801,0.4902270893243775
id07,2024-07-07,2024-07-06,0.3620021217371401,0.5096608085717792,0.70648350145152,0.7393347331396943,0.6999095535308543,0.7827777777777777,0.5114085259112899
id07,2024-07-08,2024-07-07,0.3610897562846406,0.4067610052157502,0.5803247062663236,0.6886760605204761,0.5803794591702566,0.7573082010582011,0.5505213321894978
id07,2024-07-09,2024-07-08,0.516328754283596,0.5141261457942798,0.6739498805658142,0.7145028096929629,0.6606569674159879,0.7899966227625801,0.5463393089768602
id07,2024-07-10,2024-07-09,0.41217412146399035,0.6404173547793617,0.4897639688760183,0.7057848064114528,0.666859077777441,0.7827777777777777,0.5503983877104055
id07,2024-07-11,2024-07-10,0.417870593214221,0.48600681314199756,0.5293124206907481,0.729380117976886,0.5742777988420648,0.7573082010582011,0.4188998402079837
id07,2024-07-12,2024-07-11,0.5219064729956021,0.5686983344049266,0.5168643936776216,0.7368241588640605,0.6287993139032856,0.8083148763381321,0.5768281115917682
id07,2024-07-13,2024-07-12,0.38710287014110323,0.5019162793312179,0.4251629451585576,0.6829395980321085,0.610862422059244,0.7827777777777777,0.47157515502960945
id07,2024-07-29,2024-07-28,0.4661184837572917,0.36732434337209025,0.4901776692967026,0.641898088839665,0.5686699202525479,0.8083148763381321,0.5018327638449698
id07,2024-07-30,2024-07-29,0.4014886924199971,0.40632646918973275,0.3540857973257567,0.6930265268506312,0.6081107690338304,0.7573082010582011,0.5322706231719592
id07,2024-08-01,2024-07-31,0.4976860649211269,0.31609146031035573,0.5864394653713928,0.628676747413784,0.5718667216736724,0.7573082010582011,0.4866303356087044
id07,2024-08-02,2024-08-01,0.4753499746672977,0.4399435827622812,0.5390246365277042,0.7240743708977793,0.6874312300619682,0.7899966227625801,0.4598153060414222
id07,2024-08-03,2024-08-02,0.5268296282635155,0.613601138517199,0.6203138415548699,0.7319928015145084,0.5784043125283999,0.775079365079365,0.582745101048286
id07,2024-08-04,2024-08-03,0.5114669049073641,0.5141037982399724,0.6143095077281638,0.7639796616985663,0.6923765656507644,0.7573082010582011,0.5273196575193249
id07,2024-08-05,2024-08-04,0.5157402959817061,0.5998906132425305,0.4930171388343015,0.6498410775984036,0.6044401576143179,0.7573082010582011,0.49790155988825185
id07,2024-08-06,2024-08-05,0.5702295876531123,0.6410851717156738,0.3721665030188848,0.726359805650272,0.6084784023776606,0.8083148763381321,0.47540039992489885
id07,2024-08-07,2024-08-06,0.4699241678541969,0.4746576971119671,0.4996179062400012,0.6772285884200224,0.6635511960731628,0.8083148763381321,0.4844683923487508
id07,2024-08-08,2024-08-07,0.5035442522841092,0.6124519120868676,0.3946189254881424,0.6797828612020413,0.6638421298870316,0.7899966227625801,0.4917889806466054
id07,2024-08-09,2024-08-08,0.4609821538114719,0.6505210193425218,0.5849457051696818,0.5711296489441838,0.692239257999631,0.775079365079365,0.4842212350478522
id07,2024-08-10,2024-08-09,0.45475785987833733,0.7300123152342012,0.5903555769369763,0.8012172089752435,0.6866130537916247,0.8083148763381321,0.47550388760225193
id07,2024-08-11,2024-08-10,0.4846874538764017,0.5859859998874507,0.46611901461500177,0.7609195846643223,0.6185277971873197,0.775079365079365,0.5040655995055139
id07,2024-08-12,2024-08-11,0.37915502618849356,0.532510863905864,0.53307582247005,0.585510178675783,0.6888726317961187,0.7899966227625801,0.5080327774163378
id07,2024-08-13,2024-08-12,0.41007494123866206,0.6811617265047675,0.5522916331898862,0.6935753825406947,0.577713474186827,0.7827777777777777,0.5038581553576424
id07,2024-08-14,2024-08-13,0.5161922789919944,0.6809803793434518,0.5587050439624933,0.6380055850315905,0.6882982394098714,0.7573082010582011,0.6303661431327942
id08,2024-06-26,2024-06-25,0.3693207349851607,0.645324001793783,0.626394723390719,0.5976761878561898,0.5738862711028652,0.698506760728983,0.4886772139190666
id08,2024-06-27,2024-06-26,0.36451829132245156,0.5707318810854175,0.4269494681843718,0.4194522095059443,0.5752042973331521,0.6547863247863248,0.5282782764323588
id08,2024-06-28,2024-06-27,0.44901839832712953,0.6924969070410258,0.5073706504799886,0.5606873448424762,0.5643917699837118,0.698506760728983,0.5419256960377904
id08,2024-06-29,2024-06-28,0.37708909274419566,0.669757182288265,0.5859176891303061,0.49237764385278543,0.5720587629622587,0.6547863247863248,0.5562855215668983
id08,2024-06-30,2024-06-29,0.40918704435930986,0.7556288272932248,0.570344475650096,0.46776516107639304,0.5763372116679839,0.6732779275232105,0.6529268221132685
id08,2024-07-01,2024-06-30,0.4688793040449144,0.7642692419188742,0.5456871849470545,0.5172451632513535,0.5800207374061329,0.6503906006847183,0.656388092103257
id08,2024-07-02,2024-07-01,0.4898377659925803,0.8433348255363547,0.6169710639021613,0.5058297139936809,0.6236406335097794,0.698506760728983,0.5726672525446537
id08,2024-07-03,2024-07-02,0.385886437828347,0.800872679581597,0.6159450113139855,0.5302682503206261,0.5948899978538851,0.6547863247863248,0.5712764919190312
id08,2024-07-04,2024-07-03,0.5123075864405598,0.7621946888141906,0.4781797074820149,0.4940926268749084,0.5812100919002291,0.6732779275232105,0.5527735753983424
id08,2024-07-05,2024-07-04,0.45837650901651916,0.7259190752517952,0.5410737413318908,0.5190548281550875,0.5944431182287803,0.698506760728983,0.6435079682850209
id08,2024-07-06,2024-07-05,0.44678017578590445,0.7076856502954935,0.5786287495132184,0.5397646316880722,0.5770890801290097,0.7328982951205173,0.551273198205317
id08,2024-07-07,2024-07-06,0.4717745911706982,0.7476127541710539,0.562615047646965,0.5433446791024376,0.5754441502807193,0.7328982951205173,0.5561373430062382
id08,2024-07-08,2024-07-07,0.4500116475794985,0.5569447713034742,0.4730117129563196,0.5195642951362995,0.5794499089854326,0.7328982951205173,0.5278010522714709
id08,2024-07-09,2024-07-08,0.4766656415536474,0.6944237264836033,0.5454041847198042,0.5087778600025923,0.5727272753277627,0.6732779275232105,0.5805545825019107
id08,2024-07-10,2024-07-09,0.426916246350143,0.6497548892075602,0.6236685920435001,0.4794953248678353,0.5861168366186918,0.6503906006847183,0.5785275831587666
id08,2024-07-12,2024-07-11,0.5815685731736697,0.6714532086390333,0.5574035260200647,0.5196610728013007,0.57451410900558,0.6503906006847183,0.5175235116195022
id08,2024-07-13,2024-07-12,0.40596348817152306,0.8390791028388641,0.6567676871436403,0.5867664598987287,0.5800068329739954,0.6732779275232105,0.5619528238720781
id08,2024-07-14,2024-07-13,0.37980105136564374,0.764277040921396,0.550693395740934,0.5381197749428599,0.5753050116148709,0.6547863247863248,0.3986023976061488
id08,2024-07-15,2024-07-14,0.5593169526824076,0.7594921658993764,0.7770147672028612,0.5241995230836669,0.5785739982648318,0.6732779275232105,0.5538525932696031
id08,2024-07-16,2024-07-15,0.5328909949766024,0.721116846073185,0.6133023263613941,0.5534249530212317,0.5774448747661566,0.6503906006847183,0.6133704741983832
id08,2024-07-17,2024-07-16,0.49017292852155037,0.7054165324640824,0.5816133613437536,0.5446530531886811,0.5899172752009294,0.6503906006847183,0.6055340494180959
id08,2024-07-18,2024-07-17,0.4830379408528118,0.6632197631707957,0.6438059466394455,0.487079067660353,0.5727112347914648,0.6732779275232105,0.5412728831588858
id08,2024-07-19,2024-07-18,0.4462361148927989,0.6720880357047275,0.7451121872917141,0.509527551560178,0.5769893764090193,0.6503906006847183,0.6711226486349842
id08,2024-07-23,2024-07-22,0.4262939631596505,0.5748863844945978,0.6975944511552102,0.5364983525160721,0.58017085565719,0.6732779275232105,0.5201355157731335
id08,2024-07-24,2024-07-23,0.5626361167272536,0.7158336063080186,0.5778973448384442,0.5870484789242606,0.5795996558499488,0.7328982951205173,0.5370097080417284
id08,2024-07-25,2024-07-24,0.3521918565193448,0.5938205382166993,0.5200098952087295,0.47853138232272674,0.6141928838059484,0.6503906006847183,0.47548061189052143
id08,2024-07-26,2024-07-25,0.5000796114674033,0.6837993423157128,0.46927695136572595,0.508752682388658,0.621759300686674,0.6547863247863248,0.5271223301612779
id08,2024-07-27,2024-07-26,0.40470651427341,0.5996699860436805,0.4933024397901217,0.5305869561132825,0.6175466625824678,0.6547863247863248,0.5181527731385096
id08,2024-07-28,2024-07-27,0.5135695427257795,0.6620322918553164,0.5895115729206597,0.6505942845234862,0.6235138917281643,0.7328982951205173,0.4901433636136783
id08,2024-07-29,2024-07-28,0.527991141682956,0.6761087650021126,0.5164588333812081,0.6339614016027573,0.574438297940053,0.6732779275232105,0.4917044869274174
id08,2024-07-30,2024-07-29,0.5198590850823424,0.6908307051160111,0.6804407154700112,0.5545506620310316,0.5915862337301792,0.6503906006847183,0.5222092026224933
id08,2024-07-31,2024-07-30,0.410111660857031,0.46581123671098784,0.6482214556256162,0.5115672384090267,0.5757848481548529,0.6547863247863248,0.5373839012032103
id08,2024-08-04,2024-08-03,0.3827768123292885,0.6508581913378617,0.5247123575490256,0.3990234304542477,0.570184207658996,0.7328982951205173,0.5278264800538299
id08,2024-08-05,2024-08-04,0.33709331546037613,0.639673155710496,0.3216031290622525,0.4635370057510698,0.5701745878509784,0.6732779275232105,0.5701239524006612
id08,2024-08-12,2024-08-11,0.42106140571198075,0.5923588483708293,0.35841748216086183,0.5816055573694345,0.5733283204814457,0.6503906006847183,0.49575822023248106
id08,2024-08-16,2024-08-15,0.34371860039384383,0.7164534492519241,0.47618086168712453,0.4858020891423549,0.6219887378852497,0.6547863247863248,0.5867915899630454
id08,2024-08-17,2024-08-16,0.38432011140122335,0.5857798955652214,0.34694282701254897,0.4804977794309144,0.6202584684988582,0.6732779275232105,0.5355188615408027
id08,2024-08-18,2024-08-17,0.3114640338753288,0.6677735518628605,0.3230970761653495,0.4854177887332859,0.5803208735981958,0.698506760728983,0.5562033402855335
id08,2024-08-19,2024-08-18,0.3441490374899543,0.6079803242686447,0.3165200949249314,0.4232041426336356,0.571294655795575,0.6503906006847183,0.48231674508077205
id08,2024-08-20,2024-08-19,0.36212777643931626,0.6281668569271347,0.41890876510569547,0.4545283118673608,0.5882231480253086,0.698506760728983,0.5732193613137773
id08,2024-08-22,2024-08-21,0.4182085514982413,0.6187997878723913,0.27838830625286903,0.4019572001380475,0.5697706171471546,0.6547863247863248,0.5222559151075084
id08,2024-08-23,2024-08-22,0.524727145524391,0.6360257231541495,0.41275033928276694,0.4917164557185322,0.5690321269397468,0.6503906006847183,0.530396862362129
id08,2024-08-24,2024-08-23,0.4338199282752485,0.6129594660026739,0.4713191317914502,0.47010498727153993,0.5667703819427337,0.698506760728983,0.556422778116102
id08,2024-08-25,2024-08-24,0.44803662818599577,0.6708936582777114,0.6236455436516571,0.5341129395569104,0.5748338041125917,0.6503906006847183,0.44851167339829423
id08,2024-08-26,2024-08-25,0.6131120914154062,0.7688173242248829,0.5343819837448993,0.5792606190089047,0.575701869914965,0.6503906006847183,0.5368815713675004
id08,2024-08-28,2024-08-27,0.5260723550433279,0.7049566489608233,0.5760699803343283,0.5937616609446537,0.5751548524899932,0.6732779275232105,0.4819339202186598
id08,2024-08-29,2024-08-28,0.585723700138681,0.5229001080565076,0.5296010535243052,0.6170286527426213,0.6244679761697404,0.7328982951205173,0.5612163643763618
id08,2024-08-30,2024-08-29,0.5422604293213681,0.6283265807288164,0.5454648497285454,0.5827192058128278,0.5698151881437525,0.6547863247863248,0.49413433469456597
id08,2024-08-31,2024-08-30,0.4352184216419823,0.6928620641619938,0.6419423410198458,0.5775231205517449,0.5693595975526639,0.7328982951205173,0.40585254377162194
id08,2024-09-01,2024-08-31,0.5371497142548265,0.6024872327540642,0.6284966641305856,0.5912985587028505,0.6176023459327106,0.6547863247863248,0.43844480865800767
id08,2024-09-02,2024-09-01,0.513708138179573,0.6156951955963046,0.49276361939831415,0.549830681970739,0.5740243391004998,0.698506760728983,0.4668041918395966
id08,2024-09-04,2024-09-03,0.4488234749689017,0.7100423057953814,0.5104760740776048,0.5476152838926038,0.6210742394708552,0.6547863247863248,0.5402010553249235
id08,2024-09-06,2024-09-05,0.4536552346976852,0.5646693938264024,0.37363808916028735,0.4744103186174676,0.5651178012424317,0.698506760728983,0.5319092020176226
id08,2024-09-12,2024-09-11,0.41720008597777347,0.6107108701409771,0.21844081373841778,0.5911812216432671,0.5608621485983996,0.698506760728983,0.5253588310175619
id08,2024-09-16,2024-09-15,0.45386411543865346,0.4335786590944947,0.5276231817112828,0.5000964919413597,0.5814117690509668,0.7328982951205173,0.42564714097385453
id08,2024-09-17,2024-09-16,0.4026778513816886,0.598600410103039,0.4342993377502996,0.5073478906187975,0.5893195439707247,0.7328982951205173,0.42226080408893923
id09,2024-07-02,2024-07-01,0.4999432602511362,0.5827211226874577,0.4908555974734393,0.5676254333473933,0.6974870170260951,0.6177126577126577,0.5061223744302077
id09,2024-07-04,2024-07-03,0.5420345128519612,0.5432091496717462,0.19927744346226253,0.5338365711152486,0.7071548010253936,0.6253619821912504,0.5887180646023678
id09,2024-07-05,2024-07-04,0.4629495141854366,0.43164950078177705,0.4092877349278296,0.6276710214005565,0.7021159118641838,0.6615873015873015,0.5750892087023709
id09,2024-07-06,2024-07-05,0.47941341916544944,0.5332952568246704,0.26823926932053066,0.4973955346100653,0.7844352742865051,0.6906613756613756,0.5429160246092942
id09,2024-07-07,2024-07-06,0.4813351042108956,0.32088648339935094,0.2756309594652953,0.4979643815841316,0.6946430061812825,0.6253619821912504,0.5481125280022089
id09,2024-07-09,2024-07-08,0.5397104175572252,0.4356706457411097,0.5619775762584547,0.5676812582665791,0.7074947396317003,0.6177126577126577,0.6494894887797227
id09,2024-07-10,2024-07-09,0.537762945205321,0.2872614681040783,0.47662139442966944,0.6528502339416324,0.7115979666499935,0.6253619821912504,0.5913766384099083
id09,2024-07-11,2024-07-10,0.4659638329601364,0.37563313990894803,0.5989372372020455,0.5192710693453475,0.7911904003052472,0.6615873015873015,0.5898798484823814
id09,2024-07-12,2024-07-11,0.46570259856880203,0.4428576299474885,0.37766616937729286,0.5730962616011352,0.7400864698001375,0.6177126577126577,0.6468655088475423
id09,2024-07-14,2024-07-13,0.5632949037197245,0.5060002411816549,0.47847161507433494,0.6275079538951539,0.7056874103869365,0.6906613756613756,0.45123867726418343
id09,2024-07-15,2024-07-14,0.47582864914886747,0.32651950467925545,0.4654869055469601,0.5966198272019771,0.7076127033697303,0.6885756056808687,0.6228464907883293
id09,2024-07-16,2024-07-15,0.47666437142043405,0.458996965142368,0.5373817924331228,0.6105113328169449,0.7819043012388905,0.6177126577126577,0.6024690146259999
id09,2024-07-17,2024-07-16,0.5148466501357603,0.4214685470700717,0.4917388294797071,0.6521921856335092,0.7026650698587513,0.6615873015873015,0.5481852275580004
id09,2024-07-18,2024-07-17,0.5397248709872942,0.4044081490689125,0.5281660793595603,0.6613200257716481,0.7127799992419893,0.6253619821912504,0.6272866217583316
id09,2024-07-19,2024-07-18,0.5680936185028371,0.5995662492740119,0.4351285722587601,0.533095913594556,0.7351875542106184,0.6885756056808687,0.5568627561409483
id09,2024-07-20,2024-07-19,0.6318728826372527,0.6635561314367568,0.49017164960858967,0.6516639542119853,0.7008854005958266,0.6253619821912504,0.5351185309757407
id09,2024-07-21,2024-07-20,0.5497231600223262,0.4442680964596988,0.5452857476271624,0.5528604411534086,0.7091398905309031,0.6885756056808687,0.5141629471532088
id09,2024-07-22,2024-07-21,0.5162697926502869,0.5237920619222631,0.5006970735415238,0.6499482040580253,0.7838105939092912,0.6885756056808687,0.6508146990133837
id09,2024-07-23,2024-07-22,0.4991212606782118,0.6370624955473928,0.45984034442851224,0.6471648832009224,0.7029466963675226,0.6885756056808687,0.5873080089909875
id09,2024-07-24,2024-07-23,0.5036916338163568,0.6508172550659185,0.2742417319993806,0.6496310712614158,0.7902943688925661,0.6177126577126577,0.5633531803500063
id09,2024-07-26,2024-07-25,0.5558850788787288,0.6633254903268715,0.5104210584993111,0.5913423259273305,0.703373679059596,0.6177126577126577,0.5888042938914878
id09,2024-07-27,2024-07-26,0.5532036097349116,0.7442448020821598,0.4246566702265902,0.5917246579524984,0.7424504899527322,0.6615873015873015,0.5648820880746503
id09,2024-07-28,2024-07-27,0.5965244419121497,0.6722196697709336,0.4276572599638958,0.6690925988737166,0.7880389542801474,0.6885756056808687,0.6237895788357588
id09,2024-07-30,2024-07-29,0.5387723533269471,0.5868954420212568,0.48600125793926224,0.7043916755365723,0.7106795571705044,0.6253619821912504,0.6078888660383837
id09,2024-07-31,2024-07-30,0.5454211195330388,0.6435393112085024,0.4534848181465083,0.6000018518615607,0.7011172332730774,0.6906613756613756,0.6092046278665525
id09,2024-08-02,2024-08-01,0.49835752852614285,0.5375303813702093,0.39216094216164243,0.5967620058391205,0.788394779793559,0.6885756056808687,0.5085487460144034
id09,2024-08-04,2024-08-03,0.48670618838161867,0.4987955883586716,0.535382321958522,0.5260702119141302,0.7169940871151526,0.6906613756613756,0.5695171689940002
id09,2024-08-05,2024-08-04,0.47551491329203255,0.51420009333034,0.39873731883998836,0.6420055356642572,0.7179058391034255,0.6253619821912504,0.5006265239465395
id09,2024-08-22,2024-08-21,0.5043871649944627,0.3779028101914331,0.5441057486043066,0.5536543644211978,0.7171408247505128,0.6177126577126577,0.5657666765551033
id09,2024-08-23,2024-08-22,0.5136432679180076,0.46312497143058456,0.37496298017212376,0.5337467230051144,0.7104455995186807,0.6177126577126577,0.6880229682763777
id09,2024-08-24,2024-08-23,0.5258109836093967,0.4432276815396331,0.5471517820782259,0.6797187515573471,0.6982545480031666,0.6906613756613756,0.541919695141186
id09,2024-08-25,2024-08-24,0.48901835016714335,0.49166003277371567,0.44585217422265566,0.48242980525817364,0.7184472711096975,0.6906613756613756,0.6345898074744378
id09,2024-08-27,2024-08-26,0.5371863605171764,0.5712177497698405,0.40897964337241366,0.595101588870038,0.7167550067919547,0.6885756056808687,0.5700413771717224
id09,2024-08-28,2024-08-27,0.5154716362876143,0.6451342235534243,0.5439384788414613,0.4796053295416627,0.7065961203622946,0.6885756056808687,0.5967613179324106
id09,2024-08-29,2024-08-28,0.5616226259759425,0.4876933331684374,0.5340160211266125,0.6164815566461959,0.6911836929431581,0.6906613756613756,0.5942020738572985
id09,2024-08-30,2024-08-29,0.6018764209008509,0.7389249890689996,0.47178604757544446,0.5439579803253027,0.7806484971012506,0.6177126577126577,0.6800787493384414
id09,2024-08-31,2024-08-30,0.5173257546359082,0.7767750718795524,0.4828019367341102,0.5784829332367784,0.7830062079199567,0.6177126577126577,0.6795206047867942
id09,2024-09-01,2024-08-31,0.542913079542067,0.698548575678356,0.6290953434598715,0.5168031164193598,0.7016190402370615,0.6253619821912504,0.6349924415565142
id09,2024-09-02,2024-09-01,0.5543029998142939,0.7094600309289218,0.6224985909709707,0.634651811408662,0.7057844078674298,0.6615873015873015,0.6080744428308288
id09,2024-09-03,2024-09-02,0.5330046983045224,0.6722512111415854,0.6093430374221881,0.5566412316753729,0.7324474176952371,0.6885756056808687,0.5517108938775555
id09,2024-09-04,2024-09-03,0.5905070809779942,0.6474846545464432,0.6403441743170138,0.5989721349322021,0.7799197103770611,0.6885756056808687,0.6318153165307483
id10,2024-07-07,2024-07-06,0.5585333807185318,0.6469739152220186,0.5896919524267782,0.5492805211126333,0.4356234029938338,0.5196125116713352,0.5907131901549286
id10,2024-07-08,2024-07-07,0.5691542747303897,0.543806347589202,0.6560144872126722,0.5763694132603313,0.40988027246149894,0.5196125116713352,0.5964685559203046
id10,2024-07-09,2024-07-08,0.5563299900976,0.7428873461687869,0.6479442679183486,0.5485014807479646,0.41614298221118606,0.48904547404547405,0.6034432228239497
id10,2024-07-10,2024-07-09,0.5546507413385353,0.5197137337658297,0.8616987235791274,0.5636555120913751,0.4085847667066465,0.4785537918871252,0.5778175820038347
id10,2024-07-12,2024-07-11,0.5379222795995846,0.5073263346940277,0.555370795285178,0.6197769318624903,0.40900804615909325,0.4785537918871252,0.5684043575208314
id10,2024-07-13,2024-07-12,0.5111479441610483,0.6170604572241001,0.6948532106867699,0.518985324947927,0.44264784850929134,0.5941798941798941,0.6484724644371156
id10,2024-07-14,2024-07-13,0.4390282669834956,0.4286597534494727,0.6122621722347534,0.568243532295293,0.4327582558577289,0.5196125116713352,0.6848337297896995
id10,2024-07-15,2024-07-14,0.44331072666685106,0.6688181113553049,0.643377234516304,0.6321182089878771,0.4127936685717021,0.4558432539682539,0.6531315750410451
id10,2024-07-16,2024-07-15,0.5024374245445185,0.399661294719123,0.6092544399119177,0.5364729868636313,0.4299678620784446,0.4785537918871252,0.6158835524352394
id10,2024-07-18,2024-07-17,0.3811912087397413,0.48348926665416275,0.6201505037777266,0.5643744018845789,0.4081237448170509,0.5941798941798941,0.5654073250425155
id10,2024-07-20,2024-07-19,0.5182293910578812,0.6195560911222441,0.6649070134765194,0.47063592181487335,0.4317480441770065,0.4558432539682539,0.5767034617817614
id10,2024-07-21,2024-07-20,0.35904531477156554,0.4994974966199563,0.72254691223402,0.47760652588882563,0.4184147488446623,0.4558432539682539,0.607753727762947
id10,2024-07-22,2024-07-21,0.4162190099973644,0.36283966298436826,0.5226107119459418,0.435348432970056,0.4010078380874753,0.5196125116713352,0.6631186326011523
id10,2024-07-23,2024-07-22,0.4679009905010481,0.32289169608844204,0.6849779586798881,0.5374432499751571,0.4192972875056921,0.4785537918871252,0.6395892290981545
id10,2024-07-24,2024-07-23,0.4200328626058335,0.4979354154022771,0.6578236127782197,0.4609295032679161,0.40170986050365926,0.4558432539682539,0.7359400177751116
id10,2024-07-27,2024-07-26,0.4342470397528415,0.44323971619020436,0.624935615039558,0.534135280414259,0.435928118884453,0.4558432539682539,0.6480286225509424
id10,2024-07-28,2024-07-27,0.4270371148207481,0.5868171728749888,0.6743752528832946,0.5732022110995069,0.3931613910808742,0.48904547404547405,0.595342433583101
id10,2024-07-29,2024-07-28,0.41543337214908677,0.532373159661736,0.7714893294845301,0.45824097819899035,0.4403583704705925,0.5941798941798941,0.7158343116789441
id10,2024-07-30,2024-07-29,0.45847743903952165,0.60033506107087,0.7640965121362483,0.5693022581595315,0.4259568464227589,0.5941798941798941,0.692121718874019
id10,2024-08-01,2024-07-31,0.4496696987302368,0.5065571792546577,0.5464619572067327,0.448429680201105,0.4372647493899577,0.4558432539682539,0.6920098632059424
id10,2024-08-02,2024-08-01,0.44411541650922604,0.4224335034412795,0.5370661164093338,0.48580992772969256,0.40885170991140124,0.4785537918871252,0.6649454004259117
id10,2024-08-03,2024-08-02,0.48860474472731574,0.4286843013976384,0.6316281546175475,0.5669222316457299,0.41161350262363167,0.5196125116713352,0.6704144344062948
id10,2024-08-28,2024-08-27,0.4089911543722443,0.4551000424339341,0.6839230807442338,0.4340400889035482,0.4286130268614514,0.5196125116713352,0.6644408544654794
id10,2024-08-30,2024-08-29,0.43684920372692865,0.668340871214311,0.6320361117707524,0.4271184043142874,0.40616737206676645,0.5941798941798941,0.6676791754704867
id10,2024-08-31,2024-08-30,0.5030355554282301,0.5548883971859604,0.7175711697985883,0.47723481634137277,0.39679057031255677,0.5196125116713352,0.6906883277430422
id10,2024-09-01,2024-08-31,0.39905232352678566,0.6416156305570261,0.7071659954089959,0.4431639655726275,0.3942114330191538,0.4558432539682539,0.6614637571462167
id10,2024-09-02,2024-09-01,0.502042285054903,0.3858203488209604,0.4521545395594224,0.4687055637016571,0.41131579124733275,0.5941798941798941,0.6294273152786836
id10,2024-09-03,2024-09-02,0.41117057015390635,0.46996998008992574,0.44874259644712045,0.47272504221413114,0.4352083735263531,0.5941798941798941,0.601739263339139
id10,2024-09-06,2024-09-05,0.41138117858146206,0.47650569639251833,0.4835846816240374,0.568981276788901,0.3958659500540541,0.4558432539682539,0.6700295313493829
id10,2024-09-08,2024-09-07,0.4620625305932661,0.567921691725376,0.4196517448540347,0.5080330692194464,0.4000539027773951,0.48904547404547405,0.6339203136401186
id10,2024-09-09,2024-09-08,0.5182458481870391,0.5335347873465469,0.5025658727018378,0.5939614986327647,0.4159697767218671,0.4558432539682539,0.7475118926960136
id10,2024-09-12,2024-09-11,0.48883154810555157,0.5086042157572612,0.576593763281372,0.5816709490215481,0.41442915958584203,0.48904547404547405,0.7442268291826724
id10,2024-09-15,2024-09-14,0.40584827769543536,0.4499683048773235,0.5207641895806253,0.4651429604118547,0.43274715250283585,0.5941798941798941,0.7516872910097285
